Model,R-squared (R²),RMSE
Linear Regression,0.6733826419071529,4.8940868928512495
Ridge Regression,0.6730267220043067,4.896752747255692
